<?xml version="1.0" encoding="UTF-8"?>
<project-private xmlns="http://www.netbeans.org/ns/project-private/1">
    <editor-bookmarks xmlns="http://www.netbeans.org/ns/editor-bookmarks/1"/>
    <editor-bookmarks xmlns="http://www.netbeans.org/ns/editor-bookmarks/2" lastBookmarkId="0"/>
    <open-files xmlns="http://www.netbeans.org/ns/projectui-open-files/2">
        <group>
            <file>file:/C:/Users/TGE/Documents/GitHub/416/Demos/Sem4_Ex2_ADC_Int.x/Sem4_Ex1_ADC_Int.X/interrupts.c</file>
            <file>file:/C:/Users/TGE/Documents/GitHub/416/Demos/Sem4_Ex2_ADC_Int.x/Sem4_Ex1_ADC_Int.X/main.c</file>
        </group>
    </open-files>
</project-private>
