<?xml version="1.0" encoding="UTF-8"?>
<project-private xmlns="http://www.netbeans.org/ns/project-private/1">
    <editor-bookmarks xmlns="http://www.netbeans.org/ns/editor-bookmarks/2" lastBookmarkId="0"/>
    <open-files xmlns="http://www.netbeans.org/ns/projectui-open-files/2">
        <group>
            <file>file:/C:/Users/TGE/Documents/GitHub/416/Labs/Lab6AnneauDEL_Etu.X/EffetsNeoPxl.c</file>
            <file>file:/C:/Users/TGE/Documents/GitHub/416/Labs/Lab6AnneauDEL_Etu.X/NeoPxl.h</file>
            <file>file:/C:/Users/TGE/Documents/GitHub/416/Labs/Lab6AnneauDEL_Etu.X/main.c</file>
            <file>file:/C:/Users/TGE/Documents/GitHub/416/Labs/Lab6AnneauDEL_Etu.X/EffetsNeoPx.h</file>
            <file>file:/C:/Users/TGE/Documents/GitHub/416/Labs/Lab6AnneauDEL_Etu.X/NeoPxl.c</file>
        </group>
    </open-files>
</project-private>
